name,country,date,num,cvv
Nolan,United Kingdom,26.11.2024,7,401
Rajah,United Kingdom,6.5.2024,3,594
Clarke,Australia,27.7.2024,3,585
Brett,Australia,2.9.2024,7,839
Davis,New Zealand,12.2.2026,6,242
Andrew,New Zealand,11.6.2025,3,874
Jonas,United Kingdom,24.5.2024,9,312
Ayanna,New Zealand,25.8.2025,9,454
Jermaine,Australia,28.8.2025,1,692
Athena,New Zealand,3.3.2024,7,568
Ian,United Kingdom,28.1.2024,3,888
Xaviera,New Zealand,23.11.2024,1,636
Arthur,United Kingdom,21.2.2026,5,812
Tashya,United Kingdom,5.3.2025,9,377
Timothy,New Zealand,4.10.2024,7,326
Xanthus,New Zealand,13.11.2024,0,967
Sean,New Zealand,15.5.2024,9,229
Nelle,New Zealand,28.1.2025,7,912
Beau,Australia,13.6.2024,10,137
Shellie,Australia,29.12.2025,7,791
Allistair,Australia,16.5.2025,2,348
Kane,United Kingdom,19.1.2024,4,261
Wylie,New Zealand,12.2.2026,7,364
Libby,United Kingdom,24.12.2024,4,532
Laurel,United Kingdom,17.12.2025,5,714
Iris,New Zealand,3.1.2024,3,687
Damon,New Zealand,13.11.2025,6,726
Joelle,Australia,20.1.2026,5,146
Kathleen,New Zealand,4.1.2025,3,545
Yoshio,United Kingdom,20.12.2024,9,144
Maxine,New Zealand,11.11.2025,10,881
Genevieve,New Zealand,5.4.2024,7,185
Conan,United Kingdom,3.10.2025,9,268
Keelie,Australia,23.9.2024,3,546
Hadassah,New Zealand,30.10.2025,3,909
Michael,Australia,13.3.2025,7,967
Aphrodite,United Kingdom,12.10.2024,2,135
Stephanie,New Zealand,20.2.2026,9,293
Emery,New Zealand,14.8.2025,2,268
Clare,New Zealand,14.8.2024,1,639
Ebony,New Zealand,27.8.2025,1,468
Giacomo,Australia,13.7.2025,1,814
Orson,Australia,2.1.2025,4,354
Sade,United Kingdom,25.9.2025,7,660
Iona,United Kingdom,18.11.2024,5,396
Nayda,New Zealand,16.10.2024,2,231
Amber,New Zealand,30.7.2025,7,908
Marah,Australia,20.12.2024,5,437
Rahim,Australia,28.7.2025,4,118
Debra,New Zealand,22.7.2025,2,924
Sheila,Australia,22.10.2025,0,167
Demetrius,Australia,27.12.2024,7,577
Ulla,United Kingdom,14.1.2026,1,115
Hollee,United Kingdom,9.1.2025,6,731
Harriet,New Zealand,2.2.2024,4,509
Lisandra,New Zealand,9.1.2024,6,650
Elliott,United Kingdom,13.1.2026,6,984
Oscar,New Zealand,22.6.2025,4,268
Abdul,New Zealand,1.12.2025,8,468
Phyllis,New Zealand,8.12.2025,1,633
Dorian,New Zealand,25.1.2026,9,187
Mason,Australia,3.10.2024,5,214
Laith,Australia,11.2.2024,2,140
Rhiannon,United Kingdom,29.6.2025,6,588
Ashton,United Kingdom,22.6.2025,4,568
Bruce,United Kingdom,6.4.2025,4,319
Gay,United Kingdom,5.2.2025,5,344
Zachary,United Kingdom,5.7.2024,5,656
Hayfa,United Kingdom,18.7.2025,2,865
Lester,New Zealand,12.2.2024,10,648
Jada,United Kingdom,9.6.2025,7,519
Brenna,United Kingdom,29.2.2024,9,420
William,Australia,17.5.2025,9,494
Ferdinand,New Zealand,14.10.2025,1,817
Jorden,New Zealand,20.7.2024,0,480
Frances,New Zealand,6.1.2024,10,868
Coby,Australia,11.11.2025,3,526
Kieran,United Kingdom,15.12.2025,5,744
Tanya,Australia,11.3.2025,6,473
Giacomo,New Zealand,31.12.2025,7,419
Felix,Australia,19.2.2024,0,350
Jolene,Australia,6.5.2025,9,372
Nolan,Australia,16.3.2025,0,847
Harper,United Kingdom,26.10.2024,3,181
Slade,New Zealand,26.12.2024,8,717
Phyllis,United Kingdom,19.3.2024,8,874
Ethan,New Zealand,8.8.2024,1,860
Shay,United Kingdom,13.8.2025,2,428
Drew,New Zealand,26.8.2025,1,238
Damon,Australia,25.4.2025,2,947
Axel,United Kingdom,22.10.2024,1,685
Zachary,New Zealand,5.3.2024,1,318
Kelsey,United Kingdom,11.5.2024,3,785
Madeson,United Kingdom,13.6.2024,3,132
Quynn,New Zealand,23.12.2025,9,586
Adele,Australia,13.5.2024,4,513
Beau,United Kingdom,19.7.2024,7,161
Tatum,Australia,22.6.2024,0,550
Steven,Australia,15.4.2024,1,807
Kennedy,Australia,10.6.2024,6,542
